segment-clé (EN)	segment-clé (FR)	Classe pharmacologique	Classe thérapeutique	DCI (spécialités)	Chapitre	Classe pharmaco-thérapeutique
-abine	-abine	dérivés de l’arabinofuranosyl	antiviraux, antinéoplasiques		L400	
-ac	-ac	dérivés de l’ibufenac	antalgiques, antipyreptiques, anti-inflammatoires	Diclofénac (Difal – Voltarène – Xénid), Pemedolac, Ibufenac, Bufezolac, Oxindanac		Anti-inflammatoires non stéroïdiens dérivés de l'ibufénac, dérivés arylcarboxyliques
-ac	-ac	dérivés de l’ibufenac	antalgiques, antipyreptiques, anti-inflammatoires	Bufexamac (Parfenac)		Anti-inflammatoires non stéroïdiens dérivés de l'ibufénac, dérivés de l'acide arylacétique
-actide	-actide	polypeptides synthétiques agissant comme la corticotropine		Tétracosactide (Synacthène Retard – Cortrosyn Retard)	Q111	Polypeptides synthétiques agissant comme la corticotropine (stimulent la sécrétion des hormones cortico-surrénaliennes)
-adol/-adol-	-adol/-adol-	certains morphiniques	antalgiques	Tramadol (Tremadol)	A410, A420	Analgésiques divers
-adom	-adom	dérivés du tifluadom	analgésiques	Tifluadom	A430	
-afenone	-afénone	dérivés du propafénone	antiarythmiques	Alprafenone, Propafenone	H200	
-afil	-afil	inhibiteurs de la phosphodiestérase-5	vasodilatateurs, troubles de l’érection, hypertension artérielle pulmonaire	Avanafil, Vardenafil	F200	
-aj-	-aj-	dérivés de l’ajmaline	antiarythmiques	Lorajmine	H200	
-al	-al	aldéhydes				
-aldrate	-aldrate	sels d’aluminium	antiacides	Carbaldrate, Simaldrate	N520	
-alol	-alol	antagonistes des bêta-adrénorécepteurs			E520	
-ampanel	-ampanel	antagonistes des récepteurs glutamate ionotropique non N-methyl-D-aspartate		Selurampanel	B000	
andr-/-andr-	andr-/-andr-	stéroïdes androgènes		Nandrolone (Déca-Durabolin – Dynabolan – Kératyl), Androstanolone (Andractim)	Q230	Stéroïdes androgènes
-anib	-anib	inhibiteurs de l’angiogenèse	anticancéreux	Crenolanib, Nintedanib	L000	
-anide	-anide	-		Bumetanide, Besunide, Bromoxanide, Brotianide, Nitazoxanide	N120	
-anserin	-ansérine	antagonistes des récepteurs de la sérotonine 5-HT2		Nelotanserin	C700	
-antel	-antel	anthelmintiques non-définis	anthelmintiques	Pyrantel (Combantrin – Helmintox)	S300	Anthelminthiques sans structure chimique précise
-antrone	-antrone	dérivés de l’anthraquinone	anticancéreux, leucémie, SEP, antinéoplasiques	Branoxantrone	L000	
-(a)pine	-(a)pine	composés tricycliques		Clozapine (Leponex)		Composés tricycliques à activité psychotique
-(ar)abine	-(ar)abine	dérivés de l'arabinofuranose	antiviraux, antinéoplasiques	Cytarabine (Aracytine)	L000, S530	Antinéoplasiques antiviraux, dérivés de l'arabinofuranose
-arit	-arit	agissant comme le clobuzarit et le lobenzarit	antiarthritiques	Actarit, Bindarit, Romazarit	A420	
-arol	-arol	dérivés du dicoumarol	anticoagulants	Acénocoumarol (Sintrom)	I210	Anticoagulants coumariniques
-arotene	-arotène	dérivés des aritonoïdes		Adarotène, Amsilarotène, Pavolarotène	P100	
arte-	arte-	composés liés à l’artemisinine	antipaludiques	Arterolane, Artemisone, Artenimol	S330	
-ase	-ase	enzymes		Glucarpidase, Idursulfase	W000	
-ast	-ast	n’agissant pas primairement comme antihistaminiques	antiasthmatiques, antiallergiques	Carotegrast, Zaurategrast, Valategrast	K000	
-trodast	-trodast	inhibiteurs des récepteurs A2 du thromboxane	antiasthmatiques		K000	
-zolast	-zolast	inhibiteurs de biosynthèse des leukotriènes			K000	
-astine	-astine	certains antihistaminiques H1	antiallergiques	Azélastine (Allergodil), Lévocabastine (Lévophta), Mizolastine (Milastine - Mizollen)	G200	Antihistaminiques H1 non classés ailleurs
-azenil	-azénil	antagonistes des benzodiazépines		Flumazénil (Anexate)	C100	Substances agonistes/antagonistes des récepteurs aux benzodiazépines, à dominante antagoniste
-azepam/-azam	-azépam/-azam	benzodiazépines	hypnotiques, anxiolytiques, antiépileptiques	Diazépam (Valium), Nordazépam (Nordaz), Clonazépam (Clonopin - Rivotril), Flunitrazépam (Hypnosédon – Narcozep), Tetrazépam (Musaril - Myolastan), Clotiazépam (Vératran), Clobazam (Urbanyl) 	C100	Benzodiazépines du groupe du diazépam
-azepide	-azépide	benzodiazépines, antagonistes des récepteurs de la cholecystokinine		Sograzépide, Pranazépide, Tarazépide	J100	
-azosin	-azocine	antagonistes et agonistes de la 6,7-benzomorphan	analgésiques	Pentazocine	A410, H300	Analgésiques et plus généralement antagonistes-agonistes des récepteurs morphiniques
-azolam	-azolam	benzodiazépines	hypnotiques, anxiolytiques, antiépileptiques	Alprazolam (Alpraz – Xanax)		Benzodiazépines anxiolytiques
-azolam	-azolam	benzodiazépines	hypnotiques, anxiolytiques, antiépileptiques	Triazolam (Halcion)		Benzodiazépines hypnotiques
-azoline	-azoline	dérivés de l’antazoline	vasoconstricteurs nasaux, antihistaminiques	Naphazoline (Colyre Bleu – Deltarhinol), Xylométazoline (Otrivine)	E400	Vasoconstricteurs locaux à noyau imidazoline
-azone	-azone	dérivés du phénylbutazone	analgésiques, anti-inflammatoires	Phénazone (HEC – Migralgine – Otipax), Propyphénazone (Claradol Plus – Spasmoplus)		Analgésiques et antipyrétiques pyrazolés mais sans propriétés anti-inflammatoires majeures
-azosin	-azosine	dérivés du prazosine	antihypertenseurs, antiprostatiques, vasodilatateurs	Doxazosine (Cardura), Prazosine (Alpress- Minipress)		Alpha-1 bloquants (quinazolines), utilisés comme antihypertensseurs vasodilatateurs
-bactam	-bactam	inhibiteurs des bêtalactamases (exception : acide clavulanique)	anti-infectieux	Sulbactam (Unasyn)	S650	Antibiotiques inhibiteurs des bêta-lactamases
-bamate	-bamate	carbamates, dérivés du propanediol et du pentanediol	tranquillisants	Méprobamate (Equanil – Mépronizine)	C100	Carbamates à propriétés essentiellement tranquillisantes
barb-/-barb-/-barbital	barb-/-barb-/-barbital	barbituriques	antiépileptiques	Amobarbital, Phénobarbital (Gardénal - Natisédine)	A210	Dérivés barbituriques ou thiobarbituriques, à propriétés hypnosédatives
barb-/-barb-/-barbital	barb-/-barb-/-barbital	barbituriques	antiépileptiques	Penthiobarbital	A210	Dérivés barbituriques ou thiobarbituriques, à propriétés anesthésiques générales
barb-/-barb-/-barbital	barb-/-barb-/-barbital	barbituriques	antiépileptiques	Fébarbamate	A210	Dérivés barbituriques ou thiobarbituriques, à propriétés tranquillisantes
-begron	-bégron	agonistes bêta-3-adrénergique	antispasmodiques urinaires	Mirabégron, Fasobégron	M321	
-bendan	-bendan	dérivés du pimobendan	stimulants cardiaque			
-bendazole	-bendazole	inhibiteurs de la polymérisation de la tubuline, dérivés du tiabendazole	antiparasitaires, antihelminthiques	Albendazole (Azole – Zentel), Mébendazole (Oxitover – Sufil – Vermox)	S310	Anthelminthiques à noyau benzimidazole
-bermin	-bermine	facteurs de croissance				
-bersat	-bersat	dérivés du benzoylamino-benzpyran	anticonvulsants	Carabersat, Tonabersat	A310	
-betasol /-betazol	-bétasol/-bétazol	dérivés de la prednisone et de la prednisolone		Clobétazol (Dermoval)		Corticostéroïdes qui ne possèdent pas tous les substituants présents dans la cortisone et la prednisolone
-bol/-bol-	-bol/-bol-	stéroïdes anabolisants		Trenbolone	M410	Stéroïdes anabolisants protéiniques
-bradine	-bradine	inhibiteurs du nœud sinusal	agents cardiovasculaires	Ivabradine, Cilobradine, Zatébradine	H000	
-bufen	-bufène	dérivés de l’acide arylbutanoïque	anti-inflammatoires non stéroïdiens	Metbufen, Indobufen, Butibufen	A420	
-bulin	-buline	inhibiteurs mitotiques, inhibiteurs de la polymérisation de la tubuline	antinéoplasiques	Lexibulin, Plinabulin, Verubulin	L000	
-butazone	-butazone	dérivés du phénylbutazone	analgésiques, anti-inflammatoires	Phénylbutazone (Alpha-Kadol - Butazolidine)	A420	Analgésiques anti-inflammatoires du groupe de la phénylbutazone (pyrazolés)
-buzone	-buzone	dérivés du phénylbutazone	analgésiques, anti-inflammatoires	Tribuzone	A420	
-zone	-zone	dérivés du phénylbutazone	anti-inflammatoires, analgésiques		A420	
-caftor	-caftor			---		Modulateurs de la protéine CFTR
-cain-	-caïn-	dérivés de la lidocaïne et de la procaïnamide	anesthésiques locaux, antiarythmiques	Flécaïnide (Flécaïne), Edronocaïne, Lévobupivacaïne	H200	Antiarythmiques de la classe I
-caine	-caïne	inhibiteurs des canaux sodiques	anesthésiques locaux, antiarythmiques	Bupivacaïne (Marcaïne – Périanest), Lidocaïne (Elma – Procto-Glyvénol - Xylocaïne), Oxybuprocaïne (Novésine)	E000	Anesthésiques locaux
calci-/-calci-	calci-/-calci-	dérivés et analogues de la vitamine D	antirachitiques	Alfacalcidol (Un-Alfa), Calcifédiol (Dedrogyl – Hidroférol), Calcipotriol (Daivonex)		Séco-stéroïdes analogues de la vitamine D
-capone	-capone	inhibiteurs de la catéchol-O-méthyl-transférase	antiparkinsoniens	Opicapone, Nébicapone		
-carbef	-carbef	dérivés des carbacéphems	anti-infectieux	Loracarbef	S610	Antibiotiques dérivés des carbacéphems du groupe des bêta-lactamines
-carnil	-carnil	dérivés du carboline, antagonistes et agonistes des récepteurs des benzodiazépines			C100	
cef-	céf-	dérivés de la céphalosporine	anti-infectieux	Céfaclor (Alfatil – Cloracef), Céfpodoxime (Orélox), Céftazidime (Fortum), Céfuroxime (Zinnat)	S610	Céphalosporines
cell-/cel-	cell-/cel-	dérivés de la cellulose		Celucloral, Celiprolol	U400	
cell-ate	cell-ate	dérivés de l’ester de cellulose pour les composants contenant des résidus acides		Cellaburate, Cellacefate	U400	
-cellose	-cellose	dérivés de l’éther de cellulose		Ethylcellulose, Hymétellose, Hyprolose		
-cept	-cept	molécules récepteurs natives ou modifiées	polyarthrite rhumatoïde, DMLA, greffes du rein, cancer colorectal			
-bacept	-bacept	récepteurs des facteurs activant les B-cell		Briobacept		
-bercept	-bercept	récepteurs de la VEGF		Aflibercept, Conbercept		
-cocept	-cocept	récepteurs de complément		Mirococept		
-farcept	-farcept	sous-groupe des récepteurs de l’interféron		Bifarcept		
-lefacept	-lefacept	récepteurs des antigènes-3 associés à la fonction lymphocitaire		Alefacept		
-nacept	-nacept	récepteurs de l’interleukine-1		Rinolacept		
-nercept	-nercept	récepteurs des facteurs de nécrose tumorale		Baminercept, Pegsunercept, Onercept, Etanercept		
-tacept	-tacept	récepteurs de l’antigène-4 cytotoxique T lymphocyte		Abatacept, Belatacept		
-tercept	-tercept	récepteurs des facteurs de croissance transformés		Dalantercept, Sotatercept		
-vircept	-vircept	récepteurs des antiviraux		Alvircept Sudotox		
-cic	-cic	groupe des acides carboxyliques	hépatoprotecteurs	Limazocic, Bisorcic	J120	
-cidin	-cidine	antibiotiques d’origine naturelle		Gramicidine, Guancidine	S600	Antibiotiques d'origine naturelle (à l'exception des antinéoplasiques), lorsqu'ils n'appartiennent pas à une famille définie
-ciguat	-ciguat	activateurs de la cyclase guanilate		Nélociguat, Riociguat, Lificiguat, Cinaciguat		
-cillide	-cillide	dérivés de la pénicilline	anti-infectieux			
-cillinam	-cillinam	dérivés de la pénicilline	anti-infectieux	Pivmécillinam (Selexid)		Amidinopénicillines, antibiotiques du groupe des bêta-lactamines (mécillinams)
-cillin	-cilline	dérivés de la pénicilline	anti-infectieux	Amoxicilline (Amoxil – Clamoxyl - Néomox), Ampicilline (Amblosin – Opticilline – Totapen), Flucloxacilline (Astaph – Floxapen – Staphypen)	S610	Aminopénicillines, antibiotiques du groupe des bêta-lactamines (sauf les mécillinams)
-cilpine	-cilpine	composés tricycliques				
-citabine	-citabine	dérivés de la cytarabine ou de l’azactidine	antiviraux, antinéoplasiques	Zalcitabine (Hivid), Emtricitabine (Emtriva – Atripla – Biktarvy – Descovy – Eviplera – Genvoya – Odefsey – Stribild – Truvada – PrEP)	L400, S550	Nucléosides antiviraux ou agents antinéoplasiques dérivés de la cytidine
-clidine/-clidinium	-clidine/-clidinium	antagonistes des récepteurs muscariniques				
-clone	-clone	dérivés de la cyclopyrrolone	tranquillisants, hypnotiques	Zopiclone (Imovane)	A210	Hypnotiques et tranquilisants du groupe des cyclopyrrolones
-closporine	-closporine			---		Substances dérivées de la ciclosporine
-cog	-cog	facteurs de coagulation sanguine			I200	
-eptacog	-eptacog	facteurs de coagulation sanguine VII			I200	
-octocog	-octocog	facteurs de coagulation sanguine VIII			I200	
-nonacog	-nonacog	facteurs de coagulation sanguine IX			I200	
-cogin	-cogin	inhibiteurs de la cascade de coagulation sanguine			I200	
-conazole	-conazole	dérivés du miconazole	anti-infectieux, antifongiques	Kétoconazole (Kétoderm - Nizoral), Fluconazole (Diflucan – Triflucan)	S400	Antifongiques systémiques du groupe du miconazole
-copan	-copan			Avacopan		---
-cort-	-cort-	corticoïdes, sauf les dérivés de la prednisolone	antiasthmatiques, anti-œdémateux, anti-inflammatoires	Hydrocortisone (Bacicoline - Efficort –Néocort), Tixocortol (Oro-Pivalone – Thiovalone)	Q300	Corticostéroïdes, autres que les dérivés de la prednisolone
-coxib	-coxib	inhibiteurs de la cyclo-oxygénase	antalgiques, antipyreptiques, anti-inflammatoires		A420	
-crinat	-crinat	dérivés de l’acide étacrynique	diurétiques		N122	
-crine	-crine	dérivés de l’acridine				
-cromil	-cromil	dérivés de l’acide cromoglicique	antiallergiques	Nédocromil (Tilade)	K000	Antiallergiques analogues de l'acide cromoglicique
-curium/-curonium	-curium/-curonium	substances semblables au curare		Pancuronium (Pavulon), Rocuronium (Esmeron), Vécuronium (Norcuron)	E300	Ammoniums quaternaires à activité semblable à celle des curares (curarisants)
-cycline	-cycline	dérivés de la tétracycline	anti-infectieux	Doxycycline (Doxymycine – Longamycine – Vibra), Métacycline (Physiomycine), Minocycine (Mynocine)	S630	Tétracyclines
-dacine	-dacine	inhibiteurs de l'ADN gyrase et de la topoïsomérase IV	anti-infectieux	---		Antibiotiques inhibiteurs de l'ADN gyrase et de la topoïsomérase IV
-dan	-dan	dérivés du pimobendan	stimulants cardiaque		H100	
-dapsone	-dapsone	dérivés du diaminophenylsulfone	antimycobactériens	Amidapsone	S520	Sulfones antimycobactériennes (tuberculose, lèpre), dérivés de la dapsone
-denoson	-denoson	agonistes des récepteurs de l’adénosine A			H000	
dil-/-dil/-dyl	dil-/-dil/-dyl		vasodilatateurs, antihypertenseurs	Minoxidil, Urapidil	F200	Vasodilatateurs antihypertenseurs
dil-/-dil/-dyl	dil-/-dil/-dyl		vasodilatateurs, antiangoreux	Bépridil (Cordium), Diltiazem (Altiazem – Dilrène – Tildiem)	F200	Vasodilatateurs antiangoreux
-dipine	-dipine	dérivés de la 1,4-dihydropyridine	antihypertenseurs, antiangoreux	Amlodipine (Amlor), Nifédipine (Adalate – Coracten – Nifédicor), Nitrendipine (Baypress - Hiperdine)	F210	Inhibiteurs calciques du groupe de la nifédipine (dihydropyridines)
-dismase	-dismase	enzymes avec une activité dismutase superoxyde				
-dopa	-dopa	agonistes des récepteurs de la dopamine	antiparkinsoniens	Lévodopa (Modopar)	E110	Agonistes des récepteurs dopaminergiques, utilisés comme antiparkinsoniens ou inhibiteurs de la prolactine
-dopa	-dopa	dérivés de la dopamine		Carbidopa	E110	Dérivés favorisants les actions de la dopamine
-dox	-dox	dérivés de la dioxide quinazoline	antibactériens			
-dralazine	-dralazine	dérivés de l’hydrazinephtalazine	antihypertenseurs	Déhydralazine	H300	Antihypertenseurs dérivés de l'hydralazine et de la phtalazine
-drine	-drine	dérivés des éphédrines	sympathomimétiques	Dioxéthédrine (Bexol), Noréphédrine (Dénoral Cp. – Rinurel – Rupton)	E400	Sympathomimétiques dérivés de la phényléthylamine et particulièrement des éphédrines
-dronate/-dronique	-dronate/-dronique	biphosphonates	antiostéoporotiques, antipagétiques	Étidronate (Didronel), Résidronate (Actonel)	N800, U400 	Régulateurs du métabolisme du calcium (Diphosphonates)
-dutant	-dutant	antagonistes des récepteurs de la neurokinine NK2				
-ectin	-ectine	dérivés de l’ivermectine	antiparasitaires	Ivermectine	S300	
-elestat	-elestat	inhibiteurs de l’élastase				
-emcinal	-emcinal	dérivés de l’érythromycine sans activité antibiotique, agonistes de la motiline			J000	
-entan	-entan	antagonistes du récepteur de l’endothéline	anti-HTA pulmonaire		F200	
-erg-	-erg-	alcaloïdes de l’ergot de seigle	antimigraineux, ocytociques, vasodilatateurs périphériques	Dihydroergotamine (Ikaran – Seglor – Tamik), Méthylergométrine (Méthergin), Nicergoline (Sermion)	F400	Alcaloïdes de l'ergot de seigle et leurs dérivés
-eridine	-eridine	dérivés de la péthidine	analgésiques		A410	
-ermin	-ermine	facteurs de croissance			U000	
-dermin	-dermin	facteurs de croissance épidermal			U000	
-fermin	-fermine	facteurs de croissance du fibroblast			U000	
-nermin	-nermine	facteurs de nécrose tumorale			U000	
-sermin	-sermine	facteurs de croissance similaires à l’insuline			U000	
estr-/-estr-	estr-/-estr-	œstrogènes stéroïdiens		Ethinylestradiol (Adépal – Diane – Minidril), Promestriène (Colposeptine – Colpotrophine)	Q210	Oestrogènes stéroïdiens
estr-/-estr-	estr-/-estr-	œstrogènes non stéroïdiens		Diéthylsilbestrol	Q210	Oestrogènes non stéroïdiens
-etanide	-étanide	dérivés de la pirétanide	diurétiques	Pirétanide	N120	Diurétiques de l'anse, diurétiques hypokaliémiants
-ethidine	-éthidine	dérivés de la péthidine	analgésiques		A410	
-exine	-exine	dérivés du bromhexine	mycolitiques	Dembrexine	K000	Mucolytiques de type bromhexine
-fenamate	-fénamate	dérivés de l’acide fénamique	anti-inflammatoires non stéroïdiens	Acide Méfénamique (Ponstyl), Acide Tolfénamique (Clotan), Etofénamate (Rheumon)	A420	Anti-inflammatoires non Stéroïdiens, dérivés de l'acide anthranilique, groupe des fénamates
-fenamic	-fenamic	dérivés de l’acide anthranilique	anti-inflammatoires non stéroïdiens		A420	
-fenin	-fénine	analgésiques périphériques dérivés de l'acide phénylcarbamoyl-méthylimino-diacétique	exploration fonctionnelle	Lidofénine	U100	
-fenine/-phenine	-fénine/-phénine	dérivés de la glaféine	analgésiques	Floctafénine (Idarac)	A430	analgésiques périphériques dérivés de la glafénine
-fentanil/-fentanyl	-fentanil/-fentanyl	dérivés du fentanyl, agonistes des récepteurs opioïdes	analgésiques morphiniques	Alfentanil (Rapifen), Sufentanil (Sufenta)	A410	Analgésiques centraux de type fentanyl
-fentrine	-fentrine	inhibiteurs des phosphodiesterases			K000	
-fiban	-fiban	antagonistes des récepteurs GPIIb/IIIa, antagonistes des récepteurs du fibrinogène	antiagrégants plaquettaires		I200	
-fibrate/-brate	-fibrate/-brate	dérivés du clofibrate	hypolipidémiants	Ciprofibrate (Lipanor), Fénofibrate (Lipanthyl)	H400	Fibrates normolipémiantes
-filermin	-filermine	facteurs inhibiteurs de la leucémie 				
-flapon	-flapon	inhibiteurs de la 5-lipoxygenase				
-floxacine	-floxacine	fluoroquinolones		Ciprofloxacine (Catex – Ciproxine – TMS), Lévofloxacine (Tavanic), Norfloxacine (Noracin – Urobacid – Uroctal), Ofloxacine (Oflocet – Quinolox – Uroflox), Trovafloxacine (Trovan)		Fluoroquinolones
-flurane	-flurane	dérivés halogénés volatiles	anesthésiques	Enflurane	A110	Anésthésiques généraux, dérivés halogénés volatiles
-fopam	-fopam			Néfopam		---
-formin	-formine	dérivés de la phenformine	antihyperglycémiants	Metformine (Glycan – Glucophage – Stagid)	M520	Biguanides, hypoglycémiants oraux
-fos-	-fos-	dérivés phosphoreux	insecticides, anthelminthiques, pesticides		S310	
-fosfamide	-fosfamide	alkylants du groupe des cyclophosphamides				
-fosine	-fosine	cytostatiques				
-fradil	-fradil	bloqueurs des canaux calciques	vasodilatateurs		F210	
-frine	-frine	dérivés du phénéthyl	sympathomimétiques	Dipivéphrine (Propine), Etiléfrine (Effortil), Phénylephrine (Diméthane – Rinomicine)	E400	Sympathomimétiques dérivés de la phényléthylamine, en particulier de type adrénaline (= épinéphrine) ou phényléphrine (= néosynéphrine)
-fungin	-fungine	antibiotiques	antifongiques		S600	
-fylline/-phylline	-fylline/-phylline	dérivés de la méthylxanthine	analeptiques, bronchodilatateurs	Bamifylline (Trentadil)	B100	Méthylxanthines bronchodilatateurs
-gab-	-gab-	gabamimétiques	antiépileptiques	Vigabatrine	E000	Composés gabamimétiques, utilisés comme anti-épileptiques
gado-/-gado-	gado-/-gado-	dérivés du gadolinium	agents de diagnostic	Gadopentétate (Magnevist), Gadotérate (Dotarem)	U000	Produits pour exploration fonctionnelle, dérivés du gadolinium
-gatran	-gatran	inhibiteurs de la thrombine	antithrombotiques		I200	
-gene	-gène	médicaments de la thérapie génique	divers			
gest/-gest-	gest/-gest-	stéroïdes progestogènes	contraception hormonale, THS, endométriose, certains troubles menstruels	Progestérone (Di-Pro Oleosum – Progestogel – Tocogestan), Lévonorgestrel (Adépal - Microval – Trigynon), Nomégestrol (Lutényl), Promégestone (Surgestone), Médrogestone (Colprone)	Q220	Stéroïdes progestatifs
-gesterone	-gestérone	stéroïdes progestogènes	contraception hormonale, THS, endométriose, certains troubles menstruels	Dydrogestérone (Duphastan), Progestérone (Progestogel – Tocogestan – Utrogestan)		Stéroïdes cétoniques progestatifs naturels ou de synthèse
-gestr-	-gestr-	œstrogènes				
-giline	-giline	inhibiteurs de la mono-amine-oxydase de type B	antiparkinsoniens	Sélégiline	C310	Inhibiteurs de la mono-amine-oxydase (IMAO) de type B
-gillin	-gilline	antibiotiques produits par des souches Aspergillus			S600	
gli-/-gli-	gli-/-gli-	sulfamides hypoglycémiants	antidiabétiques	Glibenclamide (Benclamid – Daonil – Glidiabet), Gliclazide (Diamicron – Glyazid – Glycémat), Glimépiride (Amarel)	M520, M530	Sulfamides hypoglycémiants
-glifozin	-glifozine	dérivés de la phlorizine, inhibiteurs des transporteurs sodium-glucose				
-gliptin	-gliptine	inhibiteurs des dipeptidyl aminopeptidases IV				
-glitazar	-glitazar	agonistes des récepteurs gamma activant les proliférateurs de peroxisome			M520	
-glitazone	-glitazone	agonistes des récepteurs gamma activant les proliférateurs de peroxisome, dérivés de la thiazolidinédione			M520	
-glumide	-glumide	antagonistes de la cholecystokinine (CCK)	antiulcéreux, anxiolitiques		J000	
-glutide	-glutide	analogues des Glucagon-Like Peptide (GLP)				
-golide	-golide	dérivés de l’ergolide, agonistes des récepteurs de la dopamine	antiparkinsoniens	Quinagolide (Norprolac)	E110	Agonistes dopaminergiques, dérivés de l'ergoline, utilisés comme antiparkinsoniens ou inhibiteurs de la prolactine
-gramostim	-gramostime	facteurs de stimulation des colonies granulocyte macrophage				
-grastim	-grastime	facteurs de stimulation des colonies granulocyte				
-grel-	-grel-	inhibiteurs de l’agrégation plaquettaire	antiagrégants plaquettaires	Anagrélides, Camonagrel, Clopidogrel, Dazmégrel, Furégrélate, Isbogrel, Itazigrel, Midazogrel, Nafagrel, Nicogrélate, Oxagrélate, Ozagrel, Pamicogrel, Pirmagrel, Ridogrel, Rolafagrel, Sarpogrélate, Satigrel, Sunagrel, Trifénagrel	I210	
-gro-/-gr-	-gro-/-gr-	anticorps monoclonaux ciblant les facteurs de croissance				Anticorps monoclonaux ayant pour cible les facteurs de croissance et les récepteurs dépendant de la masse musculaire
guan-	guan-	dérivés de la guanidine	antihypertenseurs	Guanfacine (Estulic)	H300	Antihypertenseurs dérivés de la guanidine
-ibine	-ibine	dérivés du ribofuranyl de type pyrazofurine				
-icam	-icam	dérivés de l’isoxicam	antalgiques, antipyreptiques, anti-inflammatoires	Piroxicam (Brexin – Feldène – Zildam), Méloxicam (Mobic), Ténoxicam (Doxican - Tilcotil)	A420	Anti-inflammatoires non stéroïdiens du groupe des oxicams
-ifene	-ifène	dérivés des clomifène et tamoxifène	anti-œstrogènes, stimulation ovulation, cancer du sein, antiostéoporotique	Clomifène (Clomid – Prolifen)	Q210	Dérivés du triaryléthylène, inducteurs d'ovulation
-ifene	-ifène	dérivés des clomifène et tamoxifène	anti-œstrogènes, stimulation ovulation, cancer du sein, antiostéoporotique	Tamoxifène (Nolvadex)	Q210	Cytostatiques antioestrogènes
-igetide	-igétide	peptides et glycopeptides				
-ilide	-ilide	dérivés de la sématilide	antiarythmiques de classe III		H200	
imex	imex		immunostimulants		S700	
-imibe	-imibe	inhibiteurs du cholestérol acyltransférase	antihyperlipidémiants		M300	
-imod	-imod	immunomodulateurs immunosuppresseurs et immunodépresseurs	cytotoxiques, antitumoraux		S700	
-imus	-imus	immunosppresseurs autres que les néoplasiques		Tacrolimus	S700	Immunosupresseurs autres que les antinéoplasiques
-ine	-ine	alcaloïdes et bases organiques				
-inib	-inib	inhibiteurs des tyrosines kinases	anticancéreux			
-inostat	-inostat	inhibiteurs de l’histone deacétylase				
-io	-io	produits de contraste iodés	opacificateurs des organes creux	Acide Ioxitalamique (Télébrix), Iopamidol (Iopamiron), Iopromide (Ultravist), Iopydol (Hytrast)	U110	Produits de contraste iodés
-io-/iod-	-io-/iod-	dérivés iodés autres que les produits de contrastes		---	U110	Dérivés iodés autres que les produits de contraste
-iptan	-iptan	agonistes des récepteurs de la sérotonine	antimigraineux	Sumatriptan (Imigran), Zolmitriptan (Zomig)		Agonistes des récepteurs de la sérotonine dits 5 HT1 (triptans antimigraineux)
-irudin	-irudine	dérivés de l’hirudine, inhibiteurs de la thrombine			I210	
-isomide	-isomide	dérivés de la disopyramide	antiarythmiques de classe I		H200	
-ium	-ium	ammoniums quaternaires	antiseptiques spermicides		E300	Ammoniums quaternaires utilisés comme curarisants (Cf. -curium)
-ium	-ium	ammoniums quaternaires	antiseptiques spermicides	Prifinium (Riabal), Tiémonium (Viscéralgine)	E300	Ammoniums quaternaires utilisés comme agents anticholinergiques
-ium	-ium	ammoniums quaternaires	antiseptiques spermicides	Benzalkonium, Méthylthioninium (Collyre Bleu)	E300	Ammoniums quaternaires utilisés comme antiseptiques
-ium	-ium	ammoniums quaternaires	antiseptiques spermicides	Pinaverium (Ex-Dicétel)	E300	Ammoniums quaternaires utilisés comme divers
-izine/-yzine	-izine/-yzine	dérivés de la diphénylméthyl piperazine		Buclizine (Aphilan), Cétirizine (Virlix – Zyrtec)		Antihistaminiques H1 du groupe des cyclizines
-kacin	-kacine	dérivés de la kanamycine et de la bekanamycine	antibiotiques	Amikacine (Amiklin – Piérami)	S600, S630 	Antibiotiques obtenus à partir de souches de Streptomyces kanamyceticus
-kalant	-kalant	bloqueurs des canaux potassiques			H200	
-kalim	-kalim	activateurs des canaux potassiques	antihypertenseurs		H300	
-kef-	-kef-	agonistes de l’enkephaline				
-kin	-kin	substances de type interleukine			S700	
-benakin	-benakin	dérivés et analogues de l’interleukine-1			S700	
-nakin	-nakin	dérivés et analogues de l’interleukine-1			S700	
-onakin	-onakin	dérivés et analogues de l’interleukine-1			S700	
-leukin	-leukin	dérivés et analogues de l’interleukine-2			S700	
-trakin	-trakin	dérivés et analogues de l’interleukine-4			S700	
octakin	octakin	dérivés et analogues de l’interleukine-8			S700	
-decakin	-decakin	dérivés et analogues de l’interleukine-10			S700	
-elvekin	-elvekin	dérivés et analogues de l’interleukine-11			S700	
-dodekin	-dodekin	dérivés et analogues de l’interleukine-12			S700	
-tredekin	-tredekin	dérivés et analogues de l’interleukine-13			S700	
-octadekin	-octadekin	dérivés et analogues de l’interleukine-18			S700	
-enicokin	-enicokin	dérivés et analogues de l’interleukine-21			S700	
-kinra	-kinra	antagonistes des récepteurs de l’interleukine			S700	
-nakinra	-nakinra	antagonistes des récepteurs de l’interleukine-1			S700	
-trakinra	-trakinra	antagonistes des récepteurs de l’interleukine-4			S700	
-kiren	-kirène	inhibiteurs de la rénine	antihypertenseurs		H300	
-lisib	-lisib	inhibiteurs du phosphatidylinositol-3-kinase	anti-tumoraux	Lénolisib, Ténalisib		
-listat	-listat	inhibiteurs de la lipase gastro-intestinale		Orlistat (Xénical)	M300	Inhibiteurs de la lipase pancréatique
-lubant	-lubant	antagonistes des récepteurs aux leukotriènes B4			U300	
-lukast	-lukast	antagonistes des récepteurs aux leukotriènes	antiasthmatiques		K000	
-lutamide	-lutamide	anti-androgènes	anticancéreux prostate			
-mab	-mab	anticorps monoclonaux (monoclonal anti-body)	multiples		S700	
-amab	-amab	anticorps monoclonaux du rat			S700	
-emab	-emab	anticorps monoclonaux du hamster			S700	
-imab	-imab	anticorps monoclonaux du primate			S700	
-omab	-omab	anticorps monoclonaux de la souris		Altumomab , Dorlimomab	S700	
-ba(c)omab	-ba(c)omab	anticorps monoclonaux de la souris	antibactériens		S700	
-ci(r)omab	-ci(r)omab	anticorps monoclonaux de la souris	système cardiovasculaire	Biciromab, Imciromab	S700	
-le(s)omab	-le(s)omab	anticorps monoclonaux de la souris	lésions infectieuses		S700	
-li(m)omab	-li(m)omab	anticorps monoclonaux de la souris	immunomodulateurs	Balimomab	S700	
-vi(r)omab	-vi(r)omab	anticorps monoclonaux de la souris	antiviraux		S530, S700 	
-co(l)omab	-co(l)omab	anticorps monoclonaux de la souris	anticancéreux du côlon		S700	
-go(t)omab	-go(t)omab	anticorps monoclonaux de la souris	anticancéreux des testicules		S700	
-go(v)omab	-go(v)omab	anticorps monoclonaux de la souris	anticancéreux des ovaires		S700	
-ma(r)omab	-ma(r)omab	anticorps monoclonaux de la souris	anticancéreux du sein		S700	
-me(l)omab	-me(l)omab	anticorps monoclonaux de la souris	anticancéreux des mélanomes		S700	
-pr(o)omab	-pr(o)omab	anticorps monoclonaux de la souris	anticancéreux de la prostate		S700	
-tu(m)omab	-tu(m)omab	anticorps monoclonaux de la souris	anticancéreux des autres tumeurs		S700	
-umab	-umab	anticorps monoclonaux humains		Belimumab	S700	
-li(r)umab	-li(r)umab	anticorps monoclonaux humains		Sarilumab (Kevzara)	S700	
-ximab	-ximab	anticorps monoclonaux chimériques	immunomodulateurs		S700	
-ba(c)ximab	-ba(c)ximab	anticorps monoclonaux chimériques	antibactériens		S700	
-ci(r)ximab	-ci(r)ximab	anticorps monoclonaux chimériques	système cardiovasculaire, anti-agrégant plaquettaire	Abciximab (Reopro)	S700	
-le(s)ximab	-le(s)ximab	anticorps monoclonaux chimériques	lésions infectieuses		S700	
-li(m)ximab	-li(m)ximab	anticorps monoclonaux chimériques	immunomodulateurs	Basiliximab, Infliximab	S700	
-vi(r)ximab	-vi(r)ximab	anticorps monoclonaux chimériques	antiviraux		S530, S700 	
-co(l)ximab	-co(l)ximab	anticorps monoclonaux chimériques	anticancéreux du côlon		S700	
-go(t)ximab	-go(t)ximab	anticorps monoclonaux chimériques	anticancéreux des testicules		S700	
-go(v)ximab	-go(v)ximab	anticorps monoclonaux chimériques	anticancéreux des ovaires		S700	
-ma(r)ximab	-ma(r)ximab	anticorps monoclonaux chimériques	anticancéreux du sein		S700	
-me(l)ximab	-me(l)ximab	anticorps monoclonaux chimériques	anticancéreux des mélanomes		S700	
-pr(o)ximab	-pr(o)ximab	anticorps monoclonaux chimériques	anticancéreux de la prostate		S700	
-tu(m)ximab	-tu(m)ximab	anticorps monoclonaux chimériques	anticancéreux des autres tumeurs		S700	
-zumab	-zumab	anticorps monoclonaux humanisés	antinéoplasiques, immunomodulateur	Tocilizumab (Roactemra)	S700	
-mantadine	-mantadine	dérivés de l’adamantane				
-mantine	-mantine	dérivés de l’adamantane				
-mantone	-mantone	dérivés de l’adamantane				
-mapimod	-mapimod	inhibiteurs de la protéine kinase activée par des mitogènes				
-mastat	-mastat	inhibiteurs de la métalloprotéinase matricielle				
-meline	-méline	agents cholinergiques			E100	
mer-/-mer-	mer-/-mer-	composés mercuriels	anti-infectieux	Mercurobutol (Ex-Mercryl Laurylé)	N130, S220	Composés mercuriels, en particulier anti-infectieux
-mer	-mer	polymères				
-mesine	-mésine	ligands des récepteurs sigma				
-mestane	-mestane	inhibiteurs de l’aromatase	anti-œstrogènes	Exémestane	L000	Inhibiteurs de l'aromatase (estrogène synthétase), anti-oestrogènes
-metacin	-métacine	dérivés de l’indométacine	anti-inflammatoires non stéroïdiens	Acémétacine (Rantudil), Indométacine (Indocid – Indocollyre - Liometacen)	A420	Anti-inflammatoires non stéroïdiens, dérivés de l'indole
-metasone/-methasone	-métasone/-méthasone	dérivés de la prednisone et de la prednisolone	anti-inflammatoires	Béclométasone (Béconase - Bécotide – Clénil Fort), Bétaméthasone (Célestène – Dermosone - Diprolène – Diprosone – Diprostène), Dexaméthasone (Baycuten – Chibro-Cadron – Décadron – Oradexon – Percutalgine)		Corticostéroïdes anti-inflammatoires, dérivés de la prednisone ou de la prednisolone
-micin	-micine	antibiotiques obtenus à partir de souches de Micromonospora		Nétilmicine (Nétromicine)	S650	Antibiotiques obtenus à partir de diverses souches de Micromonospora
-mide	-mide	diurétiques	anti-œdémateux, antihypertenseurs			
-mifene	-mifène	dérivés du clomifène et du tamoxifène	anti-œstrogènes			
-milast	-milast	inhibiteurs de la phosphodiestérase IV (PDE IV)				
mito-	mito-	agents nucléotoxiques	antinéoplasiques	Mitoxantrone (Novantrone)	L000	Antinéoplasiques nucléotoxiques
-monam	-monam	antibiotiques monobactam			S600	
-morelin	-moréline	peptides stimulants l’hormone de croissance			Q000	
-mostim	-mostim	substances de type facteurs de stimulation des macrophages				
-motide	-motide	agents immunologiques pour l’immunisation active				
-motine	-motine	dérivés de la quinoline	antiviraux		S530	
-moxin	-moxine	dérivés de l’hydrazine, inhibiteurs de l’oxidase monoamine			C310	
-mulin	-muline	dérivés de la pleuromuline	anti-infectieux			
-mustine	-mustine	alkylants, dérivés de la bêta-chloroéthylamine	antinéoplasiques cytotoxiques	Estramustine (Estracyt)	L200	Antinéoplasiques alcoylants, dérivés de la b-chloroéthylamine
-mycin	-mycine	dérivés de la streptomycine	anti-infectieux	Erythromycine (Abboticine – Ery – Eryacné – Eryfluid - Erythrocine – Logécine - Macrocid – Propiocine), Pristinamycine (Pyostacine), Spectinomycine (Trobicine)	S600	Antibiotiques produits par diverses souches de Streptomyces : macrolides, aminosides, synergistines
nab	nab	agonistes des récepteurs canabinoïdes				
-nabant	-nabant	antagonistes des récepteurs canabinoïdes				
nal-	nal-	antagonistes ou agonistes des récepteurs opioïdes	antalgiques, sevrage alcool	Nalorphine, Naltrexone	B200	Stupéfiants, antagonistes et/ou agonistes des récepteurs morphiniques
-naritide	-naritide	peptides et glycopeptides				
-nertant	-nertant	antagonistes de la neurotensine				
-netant	-netant	antagonistes des récepteurs de la neurokinine NK3				
-netide	-nétide	peptides et glycopeptides		---		Peptides et glycopeptides dont les utilisations neurologiques sont revendiquées
-nicate	-nicate	esters d’acide nicotinique	antihypercholestérolémiques, vasodilatateurs		F220	
-nicline	-nicline	agonistes (partiels) des récepteurs nicotiniques de l’acétylcholine			E112	
nico-/nic-/ni-	nico-/nic-/ni-	dérivés de l’alcool nicotinoyl ou de l’acide nicotinique			P700	
-nidazole	-nidazole	dérivés des nitro-5-imidazolés	antifongiques	Métronidazole (Flagyl – Nidazol – Rodogyl – Rosex), Ornidazole (Tibéral), Secnidazole (Flagentyl), Tinidazole (Fasigyne – Trichogin)	S330, Y000	Anti-infectieux et anti-parasitaires à noyau imidazole
nifur-	nifur-	dérivés des 5-nitrofuran	anti-infectieux, antiseptiques intestinaux	Nifurazide (Ricridène), Nifuroxazide (Ambatrol – Antinal - Apazide – Entéral - Ercéfuryl – Panfurex – Roxid)	S210	Nitrofuranes anti-infectieux , antiseptiques intestinaux
-nil						
nitro-/nitr-/nit-/ni-/-ni-	nitro-/nitr-/nit-/ni-/-ni-	dérivés du dioxyde d’azote (NO2)				
-nixin	-nixine	dérivés de l’acide anilinonicotinique	anti-inflammatoires		A420	
-ol	-ol	pour les alcools et phénols (supprimé des principes généraux du 14ème rapport)				
-olol/-alol	-olol/-alol	antagonistes des bêta-adrénrgiques	antihypertenseurs, antiangoreux, antiarythmiques	Acébutolol (Sectral), Aténolol (Ténormine), Bétaxolol (Bétoptic – Kerlone), Béfunolol (Bentos), Bisoprolol (Detentiel – Soprol), Cartéolol (Cartéol), Métoprolol (Lopresor), Propranolol (Avlocan – Avlocardyl), Timolol (Cusimolol – Timoptol), Labétalol (Trandate), Sotalol (Sotalex) 	E520	Bêta-bloqueurs (antagonistes des récepteurs bêta-adrénergiques)
-olone	-olone	corticostéroïdes dérivés de la prednisone ou de la prednisolone		Triamcinolone (Cidermex – Kénacort – Mycolog – Nasacort)	Q300	Corticostéroïdes dérivés de la prednisone ou de la prednisolone
-ones	-ones	kétones				
-onide	-onide	dérivés de l’actétonide	stéroïdes en usage topique	Acétonide De Triamcinolone (Cidermex – Mycolog), Budésonide (Pulmicort)	Q300	Acétonides utilisés en corticothérapie topique
-onidine/-nidine	-onidine/-nidine	dérivés de la colnidine	antihypertenseurs, antiglaucomateux	Apraclonidine (Iopidine), Clonidine (Catapressan)	H300	Antihypertenseurs, guanidines à noyau imidazolidine
-onium	-onium	composés ammonium quaternaires				
-opamine	-opamine	dérivés de la dopamine et agents dopaminergiques	antihypertenseurs, diurétiques, stimulants cardiaques			
-oprost	-oprost	analogues des prostaglandines		Dinoprostone (Prépidil), Latanoprost (Xalatan)		
-orex	-orex	dérivés de la phenyléthylamine	anorexigènes	Fenproporex (Perphoxène)	M100	Anorexigènes amphétaminiques, dérivés de la phenyléthylamine
-orph-	-orph-	antagonistes ou agonistes des récepteurs morphiniques		Buprénorphine(Temgésic)		Stupéfiants, agonistes ou antagonistes des récepteurs morphiniques
-orphan-	-orphan-	dérivés du morphiane, antagonistes ou agonistes des récepteurs morphiniques 		Dextrométhorphane (Akindex, Drill Toux-Sèche)	A410, B200	Stupéfiants, dérivés du morphinane, agonistes ou antagonistes des récepteurs morphiniques
-otermin	-otermine	protéines morphogénétiques de l’os				
-ox	-ox	dérivés des alimuniums	antiacides		N520	
-alox	-alox	dérivés des alimuniums	antiacides		N520	
-oxacine	-oxacine	quinolones	anti-infectieux	Enoxacine (Enoxor)	S300, S550	Quinolones vraies, dérivés de l'acide nalidixique
-oxan(e)	-oxan(e)	dérivés de la benzodioxane			E510	
-oxanide	-oxanide	analogues des salicylanilides	antiparasitaires			
-oxef	-oxef	dérivés des oxacéphalosporines	antibiotiques	Latamoxef, Flomoxef	S610	Antibiotiques du groupe des oxacéphalosporines
-oxepin	-oxépine	composés tricycliques à noyau oxépine	antidépresseurs	Doxépine		Antidépresseurs tricycliques à noyau oxépine
-oxetine	-oxétine	dérivés de la fluoxétine, inhibiteurs de la recapture de la sérotonine	antidépresseurs, antalgiques spécifiques	Fluoxétine (Fluoxet - Prozac – Tunéluz), Paroxétine (Déroxat)	C300	Antidepresseurs sérotoninergiques purs dérivés de la fluoxétine
-oxicam	-oxicam	dérivés de l’isoxicam	anti-inflammatoires			
-oxifene	-oxifène	dérivés du clomifène et du tamoxifène	anti-œstrogènes			
-oxopine	-oxopine	composés tricycliques				
-pafant	-pafant	antagonistes des facteurs d’activation plaquettaire			I210	
-pamide	-pamide	diurétiques, dérivés de l’acide sulfamoylbenzoïque	antiœdémateux, antihypertenseurs	Indapamide (Fludex – Diurimat), Xipamide (Diurex)	N120	Diurétiques hypokaliémiants, dérivés de l'acide sulfamoylbenzoïque
-pamil	-pamil	dérivés du vérapamil, bloqueurs des canaux calciques 	antiarythmiques, vasodilatateurs	---	F210	Antiarythmiques et vasodilatateurs coronariens, dérivés du vérapamil
-parcin	-parcine	antibiotiques glycopeptides			S600	
-parib	-parib	inhibiteurs de la polymérase poly-ADP-ribose				
-parin	-parine	dérivés de l’héparine, y compris l’héparine de bas poids moléculaire	anticoagulants	Daltéparine (Fragmin), Enoxaparine (Levonex), Nadroparine (Fraxiparine)	I200	Dérivés de l'héparine, y compris les héparines à basse masse moléculaire
-parinux	-parinux	héparinoïdes synthétiques				
-pendyl	-pendyl		vasodilatateurs			
-penem	-penem	analogues de la pénicilline		Imipénème (Tiénam)	S600	Antibiotiques du groupe des carbapénèmes de la famille des bêta-lactamines
perfl(u)-	perfl(u)-	composés perfluorés	substituts sanguins, produits de diagnostic			
-peridol	-péridol	dérivés de l’halopéridol	antipsychotiques, antiémétiques	Dropéridol, Halopéridol (Halopéridol – Haldol)		Neuroleptiques de la famille des butyrophénones
-peridone	-péridone	dérivés de la rispéridone	antipsychotiques, antiémétiques	Dompéridone (Motilium)	C100	Antipsychotiques et antinauséeux répondant à la formule générale des neuroleptiques, mais n'appartenant pas au groupe des butyrophénones
-perone	-pérone	dérivés de la 4’-fluoro-4-piperidinobutyrophenone	antipsychotiques, tranquilisants	Pipampérone	C100, C200	Neuroleptiques et tranquilisants de la famille des butyrophénones
-phine	-phine	agissant sur les récepteurs opiacés	antalgiques opiacés			
-phylline	-phylline	dérivés de la théophylline	antiasthmatiques			
-pidem	-pidem	dérivés du zolpidem	sédatifs, hypnotiques	Zolpidem (Stilnox)	C100	Hypnosédatifs à noyau imidazopyridine
-pin(e)	-pin(e)	composés tricycliques			C320	
-zepine	-zépine	composés tricycliques			C320	
-piprazole	-piprazole	dérivés de la phénylpiperazine	psychotropes		C000	
-pirdine	-pirdine	antagonistes des récepteurs 5-HT6 de la sérotonine				Antagonistes des récepteurs 5-HT6 de la sérotonine  ---
-pirone	-pirone	dérivés de la buspirone	anxiolitiques			
-pirox	-pirox	dérivés de la pyridone	antimycosiques	Ciclopirox (Mycoster Verni)		Antimycosiques dérivés de la pyridone
-pitant	-pitant	antagonistes des récepteurs des neurokinines NK1 (substance P)	antiémétiques			
-plact	-plact	analogues et dérivés des facteurs 4 plaquettaires				
-pladib	-pladib	inhibiteurs de la phospholipase A2			W000	
-planin/-plan	-planine/-plan	souches d’Actinoplanes	antibactériens	Teicoplanine (Targocid)	S500	Antibactériens issus de souches d'Actiniplanes
-plase	-plase	enzymes				
-plasmid	-plasmid	produits de thérapie génique				
-platin	-platine	dérivés du platine	antinéoplasiques cytotoxiques	Carboplatine (Paraplatine), Cisplatine (Cisplatyl)	L000	Antinéoplasiques dérivés du platine
-plermin	-plermine	facteurs de croissance dérivés des plaquettes				
-plon	-plon	dérivés de l’imidazopyrimidine ou de la pyrazolopyrimidine	anxiolitiques, sédatifs, hypnotiques		A210, C100	
-poetin	-poétine	facteurs sanguins de type érythropoïétine	antianémiques	Epoétine Alpha	I300	Facteurs sanguins analogues à l'érytropoïétine
-porfin	-porfine	dérivés de la benzoporphyrine				
-poride	-poride	inhibiteurs de l’antiport NA+/H+				
-potide	-potide	peptides et glycopeptides	anticancéreux	---		Peptides et glycopeptides dont les utilisations dans la cancer de la prostate sont revendiquées
-pramine	-pramine	substance du groupe des imipraminiques		Imipramine (Tofranil), Trimipramine (Surmontil)	C320	Antidepresseurs imipraminiques
-prazole	-prazole	inhibiteurs de la pompes à protons, dérivés de la benzimidazole	antiulcéreux	Lansoprazole (Lanzor), Oméprazole (Aulcer – Mopral – Omegen - Prazol –Proton), Pantoprazole (Inipomp)	J000	Anti-ulcéreux dérivés du benzimidazole, inhibiteurs de la pompe à protons
-pred-	-pred-	dérivés de la prednisone et de la prednisolone		Prednimustine	Q330	Corticostéroïdes dérivés de la prednisone ou de la prednisolone
-prenaline	-prénaline	dérivés de la phénéthylamine	bronchodilatateurs			
-pressin	-pressine	dérivés de la vasopressine	antidiurétiques, vasconstricteurs	Desmopressine (Minirin)	Q120	Peptides vasoconstricteurs, dérivés de la vasopressine
-pride/-piride/-pramide	-pride/-piride/-pramide	dérivés de la sulpiride	antipsychotiques	Alizapride (Plitican), Cisapride (Sepride – Prépulsid), Métoclopramide (Cloprame – Digestine - Métagliz – Primperan)	C100, J000 	Benzamides psychotropes, utilisés dans divers troubles digestifs 
-pride/-piride/-pramide	-pride/-piride/-pramide	dérivés de la sulpiride	antipsychotiques	Amisulpiride (Solian), Sulpiride (Dogmatil), Tiapride (Tiapridal)	C100, J000 	Benzamides psychotropes, utilisés comme Neuroleptiques
-pride/-piride/-pramide	-pride/-piride/-pramide	dérivés de la sulpiride	antipsychotiques	Véralipride (Agréal)	C100, J000 	Benzamides psychotropes, utilisés comme Traitement des bouffées vasomotrices de la ménopause
-pril	-pril	inhibiteurs de l’enzyme de conversion de l’angiotensine	antihypertenseurs, insuffisance cardiaque			
-prilat	-prilate	inhibiteurs de l’enzyme de conversion de l’angiotensine	antihypertenseurs, insuffisance cardiaque	Bénazépril (Cibacène), Captopril (Capozide – Convertal - Lopril), Cilazapril (Inhibace), Enalapril (Prilvas – Rénitec), Perindopril (Coversyl), Quinapril (Acuitel – Acuilix), Ramipril (Triatec), Trandolapril (Odrik)	H300	Inhibiteurs de l'enzyme de conversion de l'angiotensine
-prim	-prime	dérivés de la thriméthoprime	anti-infectieux	Triméthoprime (Bactrim – Co-Trim – Eusaprim)	S550	Anti-infectieux dérivés de la triméthoprime
-pris-	-pris-	stéroïdes agissant sur les récepteurs à progestérone	interruption de grossesse, fibromes utérins			
-pristin	-pristine	dérivés de la pristinamycine	anti-infectieux		S600	
-profen	-profène	dérivés de l’acide phényl-proprionique	antalgiques, antipyreptiques, anti-inflammatoires non-stéroïdiens	Acide Tiaprofénique (Surgam – Tiafen), Alminoprofène (Minalfène), Flurbiprofène (Cébutid – Ocufen), Ibuprofène (Algantil- Analgyl – Antarène - Brufen – Dolgit – Nofène – Tabalon – Trifène), Kétoprofène (Flexen – Ketum – Profénid – Toprec)	A420	Anti-inflammatoirs non stéroïdiens dérivés de l'acide phénylpropionique
-prost-	-prost-	dérivés des prostaglandines	abortifs, déclenchement du travail, antiulcéreux, anti-ischémiques	Alprostadil (Caverject)	Q000	Prostaglandines et leurs dérivés
-prostil	-prostil	dérivés des prostaglandines	antiulcéreux	Déprostil		Prostaglandines à visée anti-ulcéreuse
-quidar	-quidar	dérivés de la quinoline	produits contre la résistance multi-médicaments		L000	
-quin(e)	-quine	dérivés des amino-4-quinoléines (supprimé des principes généraux de la liste 28 prop. INN)	antipaludiques, antibactériens, anthelminthiques	Chloroquine (Nivaquine – Savarine), Clioquinol (Diprosept – Locacortène Vioforme), Fluméquine (Apurone), Hydroxychloroquine (Plaquenil), Méfloquine (Lariam), Tilbroquinol (Intétrix)		Dérivés de la quinoléine, à activité très variée, plus spécialement antipaludique, antibactérienne et anthelminthique
-quinil	-quinil	agonistes des récepteurs de la benzodiazépine, dérivés de la quinoléine			C100	
-racetam	-racétam	dérivés du piracetam	psychostimulants, antiépileptiques	Piracétam (Nootropyl)	B100, C000	Amides psychostimulantes
-racil	-racil	agents de type uracyl	antinéoplasiques		L000	
-rafenib	-rafenib	inhibiteurs de la protéine RAF (rapidly accelerated fibrosarcoma)	anticancéreux			
-relin	-réline	analogues des Gn-RH	stérilité, infécondité, endométriose	Buséréline, Goséréline (Zoladex), Triptoréline (Décapeptyl)	Q000	peptides provoquant la libération d'hormones hypophysaires, en particulier de la GnRH
-morelin	-moréline	analogues des Gn-RH	stérilité, infécondité, endométriose	Sermoréline	Q000	peptides stimulant la libération de l'hormone de croissance
-tirelin	-tiréline	analogues de l’hormone thyrotropine	stérilité, infécondité, endométriose	Protiréline	Q000	analogues de l'hormone provoquant la libération de l'hormone thyréotrope
-relix	-relix	inhibteurs des Gn-RH				
-renone	-rénone	antagonistes de l’aldostérone, dérivés de la spironolactone	insuffisance cardiaque, œstroprogestatifs	Canrénone	N180	Stéroïdes antagonistes de l'aldostérone, dérivés de la spironolactone
-restat	-restat	inhibiteurs de l’aldose réductase			M500	
-retin-	-rétin-	dérivés du rétinol (Vitamine A)	antiacnéiques	Acitrétine, Etrétinate (Tigason), Isotrétinoïne (Isotrex – Roaccutane)	P100	Dérivés de la vitamine A (rétinol)
-ribine	-ribine	dérivés du ribofuranyl de type pyrazofurine			L000, S530	
rifa-	rifa-	dérivés de la rifamycine	antibiotiques	Rifabutine (Lycobutin), Rifampicine (Rifacine – Rifadine – Rifinah – Rimactazide – Riniazide), Rifamycine (Rifocine – Rifoderm)	S640	Antibiotiques du groupe des ansamycines, dérivés de la rifamycine
-rinone	-rinone	dérivés de l’amrinone	stimulants cardiaque	Amrinone	H100	Tonicardiaques inhibiteurs de la phosphodiestérase
-rizine	-rizine	dérivés de la cyclizin	antihistaminiques, vasodilatateurs cérébraux	Cinnarizine (Sureptil)		Antihistaminiques H1, dérivés de la cyclizine, vasodilatateurs
-rolimus	-rolimus	dérivés de la rapamycine	antibiotiques			
-rozole	-rozole	inhibiteurs de l’aromatase imidazolés triazolés	anticancéreux	Anastrozole (Arimidex)	L000	Dérivés de l'imidazole ou triazole, inhibiteurs de l'aromatase (estrogène synthétase)
-rsen	-rsen	oligonucléotides antisens				
-rubicin	-rubicine	anthracyclines inhibiteurs des topo-isomérases II, dérivés de la daunorubicine	anticancéreux, antinéoplasiques	Daunorubicine (Cérubidine), Epirubicine (Farmorubicine), Idarubicine (Zavédos)	L500	Antinéoplasiques antibiotiques (anthracyclines)
-sal-	-sal-	dérivés de l’acide salicylique	antalgiques, anti-inflammatoires	Carbasalate Calcique, Diflunisal, Salicylamide (Percutalgine – Rinomicine)		Dérivés de l'acide salicylique à activité antalgique, et/ou anti-inflammatoire
salazo-/-salazo-/-salazine/-salazide	salazo-/-salazo-/-salazine/-salazide	dérivés de l’acide phénylazosalicylique	anti-inflammatoires	Mésalazine (Pentasa), Olsalazine (Dipentum)		Dérivés de l'acide 5-Aminosalicylique à activité anti-inflammatoire
salazo-/-salazo-/-salazine/-salazide	salazo-/-salazo-/-salazine/-salazide	dérivés de l’acide phénylazosalicylique	anti-inflammatoires	Sulfasalazine (Salazopyrine)		Dérivés de l'acide 5-Aminosalicylique à activité anti-inflammatoire et anti-infectieuse
-salan	-salan	dérivés bromés du salicylamide	désinfectants	Tiosalan		Dérivés bromés du salicylamide, à propriétés désinfectantes
-sartan	-sartan	antagonistes des récepteurs de l’angiotensine II	antihypertenseurs non peptidiques	Losartan (Cozaar – Hyzaar), Valsartan (Tareg) – Irbésartan (Aprovel)	H300	Antihypertenseurs, antagonistes non peptidiques des récepteurs de l'angiotensine II (sartans)
-semide	-sémide	dérivés du furosémide	diurétiques	Furosémide (Durésan – Furilan - Lasilix)	N110	Diurétiques hypokaliémiants, diurétiques de l'anse
-sentan	-sentan	antagonistes du récepteur de l’endothéline	vasodilatateurs de l’hypertension artérielle pulmonaire			
-serod	-serod	antagonistes et agonistes partiels des récepteurs de la sérotonine			J000	
-serpine	-serpine	dérivés des alcaloïdes des Rauwolfia		Réserpine	E540	Alcaloïdes des Rauwolfias et dérivés
-sertib	-sertib	inhibiteurs de la kinase sérine/thréonine				
-setron	-sétron	antagonistes des récepteurs de la sérotonine 5HT-3	antiémétiques	Ondansétron (Zofran)	C700	Antiémétiques, antagonistes des récepteurs de la sérotonine de type 5HT3
-sib	-sib	anti-PI3 kinase	anticancéreux			
-siban	-siban	antagonistes de l'oxytocine		Nolasiban		Antagonistes de l'oxytocine
-siran	-siran			Cemdisiran, Givosiran, Inclisiran		---
som-	som-	dérivés des hormones de croissance		Somatotropine (Génotropin - Umatrope)	Q000	Dérivés de l'hormone de croissance
-sopine	-sopine	composés tricycliques				
-spirone	-spirone	dérivés de la buspirone	anxiolitiques	Buspirone (Buspar)	C100	Imides anxiolytiques
-stan/-stan-	-stan/-stan-			Stanozolol, Drostanolone	M000, Q230 	Stéroïdes androgènes et/ou anabolisants protéiniques
-stat	-stat	inhibiteurs d’enzimes	antigoutteux, antiobésité, hypolipémants		W000	---
-castat	-castat	inhibiteurs de la dopamine-hydroxylase			W000	
-dostat	-dostat	Inhibiteurs de l'indoléamine 2 3-dioxygénase 1		Epacadostat	W000	Inhibiteurs de l'indoléamine 2 3-dioxygénase 1
-dustat	-dustat	Inhibiteurs de la prolyl-hydroxylase		Vadadustat		Inhibiteurs de la prolyl-hydroxylase du facteur inductible par l'hypoxie (HIF)
-glustat	-glustat	Inhibiteurs de la glycosyltransférase		Venglustat		Inhibiteurs de la glycosyltransférase
-steine	-stéine	destructeurs des ponts disulfures	fluidifiants bronchiques	Acétylcystéine (Exomuc – Fluimicil – Mucolator – Mucomyst), Carbocistéine (Bronchathiol – Carboxyl - Fluvic – Médibronc – Mucocil – Pneumocist – Rhinathiol)	K000	Mucolytiques apparentés à la cystéine
-cisteine	-cistéine	mucolitiques autres que les dérivés de la bromhexine			K000	
-ster-	-ster-	stéroïdes androgènes et anabolisants		Testostérone (Andriol – Androtardyl – Sustanon)	Q230	Stéroïdes androgènes et/ou anabolisants protéiques 
-steride	-stéride	stéroïdes androgènes et anabolisants		Finastéride (Chibro-Proscar)	Q230	Inhibiteurs de la 5-alpha-testostérone réductase, utilisés dans l'adénome prostatique
-sterone	-stérone	stéroïdes cétoniques progestatifs		Fluoxymestérone, Prastérone	Q230	Stéroïdes cétoniques androgènes et/ou anabolisants protéiniques
-sterone	-stérone	stéroïdes cétoniques progestatifs		Dydrogestérone (Duphastan), Noréthistérone (Gynovlar – Kliogest – Milligynon – Noristérat – Norluten – Primolut-Nor – Triella – Trisequens), Progestérone (Di-Pro Oleosum – Progestogel – Tocogestan – Utrogestan)	Q230	Stéroïdes cétoniques progestatifs
-sterone	-stérone	stéroïdes cétoniques progestatifs		Aldostérone	Q230	Divers stéroïdes cétoniques hormonaux
-stigmine	-stigmine	inhibiteurs de l’acétylcholinestérase		Néostigmine (Prostigmine), Pyridostigmine (Mestinon)	E120	Anticholinéstérasiques
-stim	-stime	facteurs de croissance hématopoïétiques	immunostimulants		I500, S700 	
-distim	-distim	combinaison de deuxtypes de facteurs de stimulation des colonies			I500	
-grastim	-grastime	facteurs de stimulation des colonies granulocytaires		Filgrastime (Neupogen), Lénograstime (Granocyte)	I500, I510	Facteurs de croissance stimulant la lignée granulocytaire (Granulocytes-Colony Stimulating Factor)
-gramostim	-gramostime	facteurs de stimulation des colonies macrophages granulocytaires		Molgramostime	I500	Facteurs de croissance stimulant à la fois la lignée granulocytaire et la lignée macrophagique (Granulocytes Macrophages-Colony Stimulating Factor)
-mostim	-mostime	facteurs de stimulation des colonies macrophages		Cilmostime	I500, I520	Facteurs de croissance stimulant la lignée macrophagique (Macrophage-Colony Stimulating Factor)
-plestim	-plestim	analogues et dérivés des interleukin-3			I500	
sulfa-	sulfa-	sulfonamides	anti-infectieux	Sulfacétamide (Sulfa-Bleu), Sulfaguanidine (Ganidon), Sulfaméthoxazole (Bactrim – Berlocid – Microcétim – Trimox – Trisium)	S510	Sulfamides anti-infectieux
-sulfan	-sulfan	alkylants, méthanesulfonates	antinéoplasiques	Busulfan	L200	Antinéoplasiques alkylants, type esters sulfoniques
-tadine	-tadine	composés tricycliques, antagonistes des récepteurs de l’histamine H1 tricyclique			G210	
-tant	-tant	antagonistes des récepteurs de la neurokinine (tachykinine)				
-tapide	-tapide	inhibiteurs de la protéine de transfert triglycéride microsome (MTP)				
-taxel	-taxel	dérivés des taxanes	antinéoplasiques cytotoxiques		L000	
-tecan	-técan	inhibiteurs de la topo-isomérase I	antinéoplasiques cytotoxiques	Irinotécan (Campto)	L000	Antinéoplasiques cytotoxiques, groupe des inhibiteurs de la topo-isomérase I (méthanesulfonates)
-tepa	-tépa	dérivés de la thiotépa	antinéoplasiques	Thiotépa (Thiotépa Lederle)	L200	Antinéoplasiques alkylants, famille de l'éthylène-imines
-tepine	-tépine	composés tricycliques				
-teplase	-téplase	activateurs du plasminogène de type tissulaire		Alteplase (Actilyse)		Enzymes thrombolytiques activateurs du plasminogène tissulaire
-termin	-termine	facteurs de croissance transformés				
-terol/-prenaline/-terenol	-térol/-prénaline/-térénol	bêta-2-stimulants, agonistes bêta-2 adrénergiques, dérivés de la phénéthylamine	antiasthmatiques, bronchodilatateurs, BPCO	Fénotérol (Bérotec), Pirbutérol (Maxair Autohaler), Salmétérol (Sérévent)	E400	Bronchodilatateurs ou stimulants cardiaques bêta-sympathomimétiques, dérivées de la phényléthylamine (isoprénaline, synonyme d'isoprotérénol)
-terone	-térone	antiandrogènes stéroïdiens	anticancéreux	Cyprotérone (Androcur – Climène - Diane)	Q230	Anti-androgènes
-teronel	-téronel	antiandrogènes non stéroïdiens		---		Antiandrogènes non stéroïdiens
-thiazide/-tizide	-thiazide/-tizide	thiazidiques	diurétiques	Altizide (Aldactazine),Hydrochlorothiazide (Acuilix – Capozide – Co-Rénitec – Moduretic – Prestole)	N121	Diurétiques thiazidiques hypokaliémiants
-thiouracil	-thiouracil	dérivés de l’uracil utilisés comme antagonistes de la thyroïde			M730	
-tiazem	-tiazem	dérivés du diltiazem	bloqueurs des canaux calciques		F210	
-tiban	-tiban	antagonistes des récepteurs bradykinine	œdèmes angioneurotiques héréditaires			
-tide	-tide	peptides et glycopeptides	hypoglycémiants, antiostéoporose, analogues somatostatine			
-tidine	-tidine	antihistaminiques H2, dérivés de la cimétidine	antiulcéreux	Cimétidine (Antagon-H2 – Tagamet – Ulcemat – Ulcestop), Famotidine (Digervin – Famotid – Servipep – Ulcidine), Nizatidine (Axid), Ranitidine (Azantac – Ranimat – Ranitil – Zantac)	G220	Antiulcéreux antagonistes des récepteurs H2 de l'histamine
-tilide	-tilide	dérivés de la sémitilide	antiarythmiques de classe III			
-tiline	-tiline	dérivés du cyclopheptène ou du dibenzo[a,d]cycloheptane	antidépresseurs			
-tinib	-tinib	inhibiteurs de la tyrosine kinase	anticancéreux	Lenvatinib	L000	---
-tizide	-tizide	dérivés de la chlorothiazide	diurétiques	Carmetizide, Ethiazide		
-tocin	-tocine	dérivés de l’oxytocine		Oxytocine (Syntocinon)	Q120	Peptides ocytociques du type de l'ocytocine
-toin	-toïne	dérivés de l’hydantoïne	antiépileptiques	Phénytoïne (Di-Hydan)	A311	Antiépileptiques dérivés de l'hydantoïne
-toran	-toran			---		Antagonistes des récepteurs Toll-like 4 (TLR4)
-trexate	-trexate	antagonistes de l’acide folique	antinéoplasiques	Méthotrexate (Ledertrexate – Méthotrexate)	L400	Antinéoplasiques antimétabolites, analogues de l'acide folique
-trexed	-trexed	inhibiteurs de la thymidilate synthase	antinéoplasiques	Raltitrexed, Plevitrexed	L000	
-tricin	-tricine	dérivés des polyènes	antibiotiques	Tyrothricine (Codétricine – Veybirol)	S620	Antibiotiques polyéniques
-trigin	-trigine			---		Antagonistes des canaux sodiques
-tril/-trilat	-tril/-trilat	inhibiteurs de l’endopeptidase		Daglutril, Dexecadotril, Ilepatril		
-triptan	-triptan	dérivés du sumatriptan, agonistes des récepteurs de la sérotonine 5HT1D	antimigraineux	Frovatriptan, Almotriptan		
-triptyline	-triptyline	dérivés du cyclopheptène ou du dibenzo[a,d]cycloheptane	antidépresseurs	Amitriptyline (Limbitrol – Laroxyl), Maprotiline (Ludiomil)	C320	Dérivés du dibenzocycloheptane, généralement antidépresseurs
-troban	-troban	inhibiteurs des récepteurs A2 du thromboxane	antithrombotiques	Terutroban	I210	
-trop/-trop-	-trop/-trop-	dérivés de l’atropine	anticholinergiques	Tropicamide (Mydriaticum)	E200	Dérivés de l'atropine, généralement anti-cholinergiques
-udine	-udine	dérivés de l’uridine	antiviraux, antinéoplasiques	Lamivudine (Dovato – Epivir – Kivexa – Triumeq – Zeffix), Zidovudine (Combivir – Rétrovir – Trizivir)		Dérivés de l'uridine à propriétés antivirales et antinéoplasiques
-uplase	-uplase	activateurs du plasminogène de type urokinase				
-ur	-ur	dérivés de l’uridine	antiviraux, antinéoplasiques			
-uracil	-uracile	dérivés de l’uracile		Propyl-Thiouracile		Dérivés de l'uracile utilisés comme antagonistes thyroïdiens
-uracil	-uracile	dérivés de l’uracile	antinéoplasiques	Fluorouracile (Fluoro-Uracil)		Antinéoplasiques
-uridine	-uridine	dérivés de l’uridine	antiviraux, antinéoplasiques	Idoxuridine, Trifluridine (Virophta)	L400, S530	Antivirales et antinéoplasiques, dérivés de l'uridine
-vaptan	-vaptan	antagonistes des récepteurs de la vasopressine	antihyponamétriants	Nelivaptan, Satavaptan	H000	
-vastatin	-vastatine	inhibiteurs de l’HMG-CoA réductase	hypolipidémiants, antihyperlipidémiques	Atorvastatine (Tahor), Pravastatine (Elisor), Simvastatine (Zocor)	H400, M300	Inhibiteurs de l'HMG-CoA réductase (Statines hypocholestérolémiantes)
-vec	-vec	produits de thérapie génique				
-verine	-vérine	agissants comme la papavérine	antalgiques, antispasmodiques	Alvérine (Météospasmyl – Spasmavérine), Drotavérine (No-Spa), Fénovérine (Ex-Spasmopriv), Mébévérine (Béviran – Duspatalin – Mébévérine Forte)	F100	Spasmolytiques non atropiniques agissant comme la papavérine
-vet-	-vet-	anticorps monoclonaux à usage vétérinaire		---	Y000	Anticorps monoclonaux à usage vétérinaire
vin-/-vin-	vin-/-vin-	alcaloïdes de la pervenche Vinca	cytostatiques, vasodilatateurs cérébraux	Vincamine (Pervincamine)	B100, L500 	Alcaloïdes de la pervenche Vinca
vin-/-vin-	vin-/-vin-	alcaloïdes de la pervenche Vinca	cytostatiques, vasodilatateurs cérébraux	Vinblastine (Velbé), Vincristine (Oncovin), Vindésine (Eldésine)	B100, L500 	Alcaloïdes de la pervenche tropicale
-vir	-vir	antiviraux	anti-infectieux	Aciclovir (Aciclosine – Cicloviral – Cusiviral – Zovirax), Ganciclovir (Cymevène)	S530	Antiviraux divers
-amivir	-amivir	inhibiteurs de la neuraminidase	antiviraux	Oseltamivir (Tamiflu), Zanamivir (Relenza)	S530	Inhibiteurs de la neuraminidase
-asvir	-asvir	inhibiteurs de la protéine NS5A du virus de l’hépatite C (HCV)	antiviraux		S530	
-buvir	-buvir	inhibiteurs de la protéine NS5B ARN polymérase	anti-infectieux (hépatite C)	Sofosbuvir (Epclusa – Harvoni – PrEP – Sovaldi – Vosevi)	S530	
-cavir	-cavir	nucléosides carbocycliques		Abacavir, Lobucavir	S530	Nucléosides carbocycliques
-ciclovir	-ciclovir	hétérocycliques bicycliques antiviraux	anti-infectieux	Lagociclovir, Tiviciclovir	S530	
-fovir	-fovir	dérivés de l’acide phosphonique	antiviraux	Tenofovir (Atripla – Biktarvy – Descovy – Eviplera – Genvoya – Odefsey – Stribild – Truvada – Viread)	S530	
-gosivir	-gosivir	inhibiteurs de la glucoside		Celgosivir	S530	
-navir	-navir	inhibiteurs de la protéase du VIH	antirétroviraux	Indinavir (Crixivan), Saquinavir (Invirase), Lopinavir (Kaletra), Ritonavir (Norvir), Darunavir, Tipranavir, Remdésivir	S530	Inhibiteurs de la protéase du VIH
-previr	-previr	inhibiteurs de la protéase de l’hépatite virus C (HVC)		Asunaprevir, Simaprevir, Vaniprevir	S530	
-virine	-virine	inhibiteurs non nucléosidiques de la transcriptase inverse		Fosdevirine, Lersivirine		
-viroc	-viroc	antagonistes des récepteurs CCR5		Cenicroviroc, Aplaviroc, Maraviroc, Vicriviroc		
-virsen	-virsen	oligonucléides antisens	anti-infectieux		S530	
-vos	-vos	dérivés phosphorés	anthelmintiques, insecticides, pesticides			
-vudine	-vudine	dérivés de l’uridine	antirétroviraux, antinéoplasiques	---		Antivirales antinéoplasiques type zidovudine
-xaban	-xaban	inhibiteurs directs du facteur Xa	antithrombotiques	Darexaban, Letaxaban		
-xanox	-xanox	dérivés de l’acide xanoxique	antiallergiques		K000	
-yzine/–izine	-yzine/–izine	dérivés de la pipérazine diphénylméthyl		Hydroxyzine (Atarax)		Certains composés du groupe des cyclizines
-zafone	-zafone	dérivés de l’alozafone		Avizafone, Dulozafone, Rilmazafone	C100	
-zapine	-zapine	neuroleptiques atypiques	antipsychotiques			
-zomib	-zomib	inhibiteurs du protéasome	myélome			
-zotan	-zotan	agonistes et antagonistes des récepteurs 5-HT1A	neuroprotecteurs	Naluzotan, Sarizotan, Lecozotan	C000	
